Timestamp,Acc_X,Acc_Y,Acc_Z,Gyro_X,Gyro_Y,Gyro_Z,Speed_kmh,Latitude,Longitude,Motion_Intensity,Crash_Label
2026-01-15 22:41:44,0.394162,0.295926,-5.396479,-0.000238,0.000384,0.000256,30.1266,17.379856,78.483162,5.432579,0
2026-01-15 11:38:16,-13.759435,-0.176677,-0.214017,0.002026,0.000211,-0.002486,47.4096,17.381564,78.490229,13.762237,0
2026-01-15 02:54:14,0.219901,-14.933758,-0.431384,-0.009925,0.000888,0.002341,44.4925,17.380444,78.479693,14.942077,0
2026-01-15 12:17:59,15.207600,0.149798,-0.075035,0.005239,-0.001064,-0.000870,39.9376,17.384609,78.484039,15.209177,0
2026-01-15 12:56:58,-14.189476,0.075971,-0.094678,0.002620,0.006933,-0.002599,52.6538,17.382115,78.493704,14.189999,0
2026-01-15 03:09:40,-0.031801,0.396377,-14.195192,-0.000969,0.001913,-0.000030,22.6797,17.386307,78.487840,14.202833,0
2026-01-15 20:21:07,0.368082,-0.008972,-12.009999,-0.002206,-0.001701,-0.009142,47.8025,17.381166,78.486093,12.029919,0
2026-01-15 05:34:49,-0.029705,0.352272,12.622538,0.001914,-0.000411,0.001310,15.1785,17.382769,78.485179,12.630751,0
2026-01-15 02:48:34,-15.448152,-0.265532,0.126251,-0.003781,0.008838,-0.008510,47.9420,17.389953,78.489957,15.460953,0
2026-01-15 11:28:57,-0.403607,14.735220,0.672629,-0.000598,-0.000683,-0.001720,41.1405,17.378991,78.491425,14.756255,0
2026-01-15 08:42:31,-0.377031,-0.132860,-13.625123,0.000498,0.001618,0.000729,27.3584,17.382092,78.492257,13.639091,0
2026-01-15 20:41:06,0.014935,12.268862,-0.111413,0.000464,-0.001185,0.001542,66.4533,17.386094,78.485740,12.274066,0
2026-01-15 01:41:34,-8.027727,0.304519,-0.213800,0.003392,0.008537,-0.004468,59.0326,17.389071,78.482164,8.037243,0
2026-01-15 09:27:44,-15.062153,0.190693,0.426959,-0.011536,0.007078,0.000096,65.9502,17.392850,78.483094,15.072124,0
2026-01-15 16:10:03,-15.609833,0.195410,0.456761,0.012193,-0.002596,0.006147,45.5673,17.373898,78.488631,15.617929,0
2026-01-15 10:59:16,0.197151,-0.232844,15.626297,-0.000957,0.000823,0.000210,25.2204,17.381453,78.481609,15.633505,0
2026-01-15 16:16:08,-0.202444,-0.262692,-12.208210,-0.006207,-0.005722,-0.005452,28.1277,17.390025,78.490650,12.229166,0
2026-01-15 03:56:08,15.502605,0.142224,-0.279238,0.010812,-0.005809,-0.001068,63.3599,17.374089,78.483103,15.509667,0
2026-01-15 13:53:17,-0.377280,-7.102849,0.122303,0.006599,-0.010521,0.000759,55.8329,17.386249,78.485189,7.119903,0
2026-01-15 18:35:09,-11.502053,-0.379430,-0.037578,0.000135,0.003542,-0.003198,22.1951,17.375901,78.484320,11.508390,0
2026-01-15 07:55:10,13.242438,-0.122224,0.000413,0.000312,0.000510,-0.000455,35.0558,17.382896,78.485008,13.244040,0
2026-01-15 01:54:30,0.466059,-0.239363,3.863262,0.009079,0.000079,0.006817,63.4779,17.383520,78.482318,3.917073,0
2026-01-15 17:21:01,-12.301520,0.434323,-0.194763,0.005255,0.001483,-0.010046,40.3167,17.377470,78.486554,12.310952,0
2026-01-15 01:45:27,0.392601,-11.818368,-0.298178,0.012825,0.004366,-0.000434,24.8212,17.387621,78.485083,11.829038,0
2026-01-15 16:19:42,-0.016169,-0.198087,11.296339,0.007357,-0.007611,-0.007436,44.6149,17.392606,78.494570,11.317611,0
2026-01-15 18:38:41,-0.149217,6.465600,-0.002174,-0.001776,-0.004520,0.003027,31.2610,17.383859,78.490240,6.472232,0
2026-01-15 06:09:01,0.061056,0.110551,12.752492,-0.000514,0.002603,-0.005677,52.1595,17.383337,78.483845,12.760122,0
2026-01-15 03:49:27,-0.363256,-11.509105,0.158444,0.009682,0.000368,0.009743,48.6201,17.393332,78.487290,11.517962,0
2026-01-15 19:52:46,0.002935,0.582656,12.269984,0.003825,0.010562,-0.000805,53.2751,17.395022,78.483747,12.294785,0
2026-01-15 02:45:18,15.320305,-0.340130,-0.013051,0.003192,0.000511,-0.005124,64.8770,17.382198,78.484136,15.324091,0
2026-01-15 18:44:01,-7.240015,0.458454,-0.029560,-0.001540,-0.004390,-0.001204,64.1165,17.386398,78.492029,7.254779,0
2026-01-15 08:27:31,-0.089696,4.422570,0.443068,-0.005954,-0.000861,-0.008886,35.9210,17.389635,78.483534,4.454706,0
2026-01-15 14:11:03,11.414837,-0.567506,0.368080,-0.000484,-0.004009,-0.002612,52.3528,17.389571,78.489663,11.440612,0
2026-01-15 02:49:41,-0.130216,-12.448803,-0.501651,0.004405,-0.000010,-0.001604,40.0085,17.388402,78.485940,12.480703,0
2026-01-15 23:45:07,0.089705,0.127437,-11.488577,-0.000332,-0.000157,-0.000478,28.6006,17.388376,78.492944,11.491162,0
2026-01-15 09:54:43,-0.582453,-14.786887,-0.506385,0.001620,-0.001520,-0.000993,32.1071,17.385347,78.494721,14.810063,0
2026-01-15 14:45:09,-0.432267,-13.999371,0.393221,0.000854,-0.001432,0.000787,69.1114,17.380666,78.488924,14.011852,0
2026-01-15 14:36:39,0.051734,-0.331465,6.338766,-0.004676,0.000259,0.009165,68.1011,17.384011,78.492384,6.350308,0
2026-01-15 23:26:31,0.126473,14.302934,-0.332340,0.004797,-0.000065,0.000389,42.1869,17.387004,78.486322,14.316848,0
2026-01-15 23:35:21,0.035335,-13.807415,0.081708,0.002791,-0.001824,-0.001026,41.1851,17.379835,78.485984,13.808293,0
2026-01-15 16:38:18,0.053438,0.141645,-6.706862,-0.002010,0.001281,0.005973,31.8643,17.382821,78.473472,6.726853,0
2026-01-15 00:36:18,0.369339,15.717439,-0.123520,0.011441,-0.000721,-0.002103,31.2936,17.388936,78.482727,15.722298,0
2026-01-15 07:07:35,0.083146,6.184257,-0.393016,0.000233,0.003615,0.005091,25.1400,17.387003,78.486337,6.197714,0
2026-01-15 06:40:13,-0.479340,0.447992,4.824183,0.008226,-0.002067,-0.000951,58.4907,17.387214,78.486433,4.870004,0
2026-01-15 08:50:50,-12.494883,0.005519,-0.206927,-0.000367,-0.000331,-0.001196,28.1926,17.377691,78.489172,12.500908,0
2026-01-15 14:07:29,0.026859,0.168280,-14.121723,0.003524,0.002275,-0.008290,66.3518,17.390069,78.476933,14.122761,0
2026-01-15 18:01:48,-0.374452,14.398466,0.375340,-0.008079,0.005513,0.000904,66.8472,17.380456,78.478177,14.409051,0
2026-01-15 10:42:06,-0.321870,-14.330475,-0.179684,0.003057,0.000945,-0.002213,17.2127,17.379968,78.487960,14.335267,0
2026-01-15 21:55:34,0.147445,-4.426949,-0.250286,0.001098,0.004512,-0.000855,53.1521,17.370175,78.485637,4.450201,0
2026-01-15 19:51:15,-0.357459,13.378854,0.108946,0.000567,-0.000672,0.000275,43.5142,17.394721,78.496294,13.388894,0
2026-01-15 15:30:15,14.488136,-0.032235,-0.145596,0.000336,-0.004446,0.000045,15.7521,17.381010,78.486777,14.504023,0
2026-01-15 09:53:37,0.435126,-0.412091,13.351813,0.001791,0.001121,-0.000491,25.4836,17.386749,78.483317,13.365539,0
2026-01-15 13:02:20,-0.213910,-13.910819,-0.318472,-0.001750,0.003424,0.008439,62.5893,17.381718,78.485410,13.919655,0
2026-01-15 03:33:58,0.114741,-0.420528,-14.647845,0.009109,0.003781,-0.000836,59.6275,17.392798,78.492693,14.661173,0
2026-01-15 10:40:45,-13.355872,0.237049,-0.039508,0.008531,0.004791,0.002646,37.5488,17.382174,78.481509,13.366176,0
2026-01-15 22:19:57,-15.280459,-0.496014,0.497147,-0.000131,0.005623,0.004002,44.7559,17.388770,78.483113,15.303474,0
2026-01-15 18:09:14,0.225275,-11.423924,-0.487061,-0.001546,0.003854,0.002086,18.0866,17.382290,78.484464,11.440263,0
2026-01-15 09:12:24,0.367194,-6.215943,0.177030,0.001967,-0.002647,-0.001624,29.0430,17.381627,78.488737,6.234825,0
2026-01-15 19:47:31,0.250692,-15.141673,0.435389,-0.000217,-0.001493,-0.000656,35.9750,17.384947,78.485415,15.150010,0
2026-01-15 01:19:50,0.037704,4.558062,-0.001983,0.012013,-0.001634,-0.003521,57.6658,17.390757,78.491028,4.562225,0
2026-01-15 15:51:18,-0.144131,6.316615,0.160411,0.006673,-0.003131,0.003513,55.2798,17.384577,78.489968,6.326296,0
2026-01-15 08:34:07,-14.666575,-0.214458,-0.200695,-0.003508,0.001891,-0.002755,21.3343,17.389224,78.489692,14.669517,0
2026-01-15 14:58:44,0.133680,-0.052644,13.355763,0.000948,-0.008713,-0.003539,51.9787,17.385323,78.488778,13.356537,0
2026-01-15 18:47:46,0.149009,-12.668929,0.035529,0.002621,-0.003569,0.003752,22.6877,17.382943,78.481116,12.669856,0
2026-01-15 20:22:03,0.225431,-12.002646,-0.076957,-0.003335,0.000424,0.004842,20.4462,17.389750,78.486428,12.005353,0
2026-01-15 17:13:37,0.173724,-13.090019,-0.511045,-0.001574,-0.001155,0.001996,21.7188,17.385780,78.483702,13.101628,0
2026-01-15 07:37:20,0.593086,0.010568,-7.313558,0.003313,0.005347,0.010413,33.0708,17.385854,78.487140,7.338219,0
2026-01-15 21:33:19,-11.375725,-0.341065,0.063045,-0.001686,-0.003442,-0.000083,21.9717,17.393421,78.489353,11.381015,0
2026-01-15 18:35:45,-0.128290,13.370206,-0.076026,-0.011858,-0.002794,0.005739,18.3454,17.389910,78.491984,13.371191,0
2026-01-15 13:21:52,-0.482133,0.226137,12.757981,0.006004,-0.011878,-0.003970,44.1806,17.375530,78.491451,12.773334,0
2026-01-15 04:35:03,-0.022836,0.743056,-13.329383,-0.004144,0.003622,0.002153,20.2297,17.384836,78.482175,13.350745,0
2026-01-15 04:42:30,0.500457,-5.594674,-0.590741,0.006075,-0.001189,0.004936,33.1305,17.389733,78.490605,5.670907,0
2026-01-15 22:17:01,-0.486410,12.298561,0.457558,-0.001403,-0.000680,-0.000588,61.4955,17.396347,78.488889,12.319102,0
2026-01-15 14:21:10,12.120562,0.151567,-0.062649,-0.005779,0.007868,-0.001408,31.9942,17.380231,78.486075,12.121872,0
2026-01-15 06:48:32,-12.974066,-0.116734,0.002671,-0.002945,-0.009074,0.003389,57.7260,17.380956,78.483778,12.975239,0
2026-01-15 09:20:07,-0.253962,-11.818296,0.159443,0.004649,0.001116,0.003791,30.5786,17.385925,78.478552,11.822179,0
2026-01-15 10:36:27,0.047830,0.380746,11.337451,-0.006339,-0.000417,-0.008328,24.6632,17.383051,78.487504,11.344785,0
2026-01-15 12:33:05,5.718057,-0.038835,0.315205,-0.003163,-0.006103,0.007204,37.9732,17.389208,78.490301,5.729701,0
2026-01-15 03:09:16,13.082624,0.196175,-0.193345,-0.000221,-0.002639,0.003580,33.6732,17.383274,78.484762,13.090950,0
2026-01-15 10:55:40,12.184609,-0.127102,-0.376539,0.001175,-0.003522,-0.007625,56.8118,17.375860,78.475518,12.197723,0
2026-01-15 02:39:38,-0.234583,-11.730001,0.298282,0.002045,-0.002282,0.002469,16.7230,17.376542,78.476143,11.737119,0
2026-01-15 10:45:05,-12.163022,0.169774,-0.152839,-0.003699,0.001074,0.001495,18.8579,17.393524,78.493484,12.176256,0
2026-01-15 10:04:21,-0.406885,-12.155535,-0.440150,0.001231,0.000168,-0.001086,11.1936,17.391681,78.489281,12.170463,0
2026-01-15 04:38:45,0.397468,-0.090393,11.219728,0.002160,0.004827,-0.002784,12.1037,17.380900,78.480881,11.227364,0
2026-01-15 05:13:21,13.155291,-0.494247,-0.032153,-0.002321,-0.000976,-0.001275,14.4170,17.381933,78.490621,13.167405,0
2026-01-15 19:24:09,6.397726,0.506775,-0.373309,-0.000177,-0.004270,-0.000718,10.6636,17.389948,78.482138,6.430363,0
2026-01-15 07:19:51,11.378462,-0.088209,-0.314790,0.004251,-0.004544,-0.003787,24.2774,17.385770,78.483431,11.383169,0
2026-01-15 08:03:41,0.332283,-0.032590,12.809568,0.003657,0.006852,-0.001474,9.8504,17.385864,78.484411,12.814052,0
2026-01-15 14:56:22,0.145910,-0.197765,12.112849,-0.001995,0.001617,0.002150,28.3573,17.388344,78.485829,12.115359,0
2026-01-15 15:44:53,0.290647,13.129139,0.682553,0.000834,-0.002133,-0.002935,14.9113,17.387668,78.490128,13.150085,0
2026-01-15 07:26:40,8.277476,0.024908,0.420302,0.004608,-0.003686,0.001929,16.2150,17.385198,78.489541,8.290777,0
2026-01-15 21:05:33,-0.413332,-0.095268,-12.821897,-0.002502,0.003227,0.000032,7.7714,17.382092,78.485617,12.835968,0
2026-01-15 23:42:40,-0.281396,-0.099618,13.241721,0.000622,-0.000010,0.000425,18.1515,17.386102,78.482536,13.251705,0
2026-01-15 14:02:18,-0.526988,-8.350152,0.236444,0.003805,-0.001168,-0.003270,23.9170,17.385680,78.485328,8.371573,0
2026-01-15 10:17:07,-0.897894,11.436006,-0.220973,-0.001473,0.002453,0.006323,27.1448,17.386930,78.477167,11.473659,0
2026-01-15 05:34:18,-0.102392,12.846632,-0.102200,-0.003548,-0.000173,0.001638,15.0005,17.380279,78.489424,12.848488,0
2026-01-15 01:04:42,-0.036552,-0.177418,11.743390,0.000226,0.000705,-0.000437,21.5230,17.378446,78.489839,11.748786,0
2026-01-15 19:09:43,-12.469520,0.320686,0.015608,-0.000865,0.000564,-0.003115,25.0274,17.380204,78.491345,12.476279,0
2026-01-15 08:49:16,-7.567957,-0.055630,-0.134142,-0.001545,-0.000267,-0.002957,16.0985,17.380130,78.491186,7.575178,0
2026-01-15 21:22:45,0.049900,12.627169,0.165071,0.000301,0.001987,-0.000034,20.2969,17.399377,78.484028,12.629287,0
2026-01-15 11:35:36,-0.117043,-0.450719,-11.148877,0.002064,0.004327,-0.000405,27.2833,17.385486,78.492816,11.159360,0
2026-01-15 02:28:29,-11.854431,0.121369,-0.070629,-0.004576,-0.004515,0.002888,18.7912,17.388081,78.490094,11.858496,0
2026-01-15 22:14:22,-0.436627,-0.268646,12.561419,0.001805,0.001246,-0.002220,26.9490,17.384009,78.489802,12.574251,0
2026-01-15 21:39:46,6.417054,-0.284805,0.179987,0.003244,-0.003278,-0.000053,12.1012,17.387701,78.485962,6.430789,0
2026-01-15 17:18:41,-6.494335,0.356978,0.030981,-0.001496,-0.002402,-0.001170,28.0982,17.395295,78.488983,6.535398,0
2026-01-15 11:25:08,-0.438884,-13.201253,0.169776,0.003624,-0.001248,0.001961,25.1172,17.387827,78.483647,13.210295,0
2026-01-15 10:59:36,-6.853701,0.225097,0.203843,0.002430,-0.002905,-0.002573,7.6546,17.386955,78.484791,6.860471,0
2026-01-15 15:38:56,-0.257696,12.645753,0.715423,0.000807,0.001572,-0.000334,8.9836,17.384030,78.488285,12.668595,0
2026-01-15 02:24:32,-6.642113,0.261037,-0.071792,-0.004689,-0.002939,0.002119,12.1437,17.387163,78.492967,6.671446,0
2026-01-15 16:02:02,0.598428,0.553606,12.010867,0.002676,0.003781,-0.001526,25.6328,17.386877,78.492662,12.045815,0
2026-01-15 16:34:31,-11.091919,-0.223611,-0.194517,0.003739,0.005033,-0.000297,25.0991,17.383622,78.491313,11.099502,0
2026-01-15 18:36:14,0.240443,0.197908,12.634214,0.002271,-0.001052,-0.001110,25.3937,17.384289,78.494266,12.640102,0
2026-01-15 13:44:13,0.045185,-0.289931,12.665448,-0.003707,-0.001100,-0.003424,9.2628,17.380145,78.488886,12.669220,0
2026-01-15 17:21:34,-0.066406,-0.464547,11.938536,-0.001039,-0.006660,0.000911,28.0130,17.390344,78.485509,11.953868,0
2026-01-15 22:45:31,-0.031108,0.343790,-11.817504,-0.000510,0.006306,-0.002429,23.0231,17.386036,78.479257,11.824860,0
2026-01-15 22:05:22,-0.092117,-11.716550,-0.614611,-0.000992,-0.001687,0.002478,28.3425,17.385888,78.488167,11.739194,0
2026-01-15 07:03:06,-0.051036,0.382099,6.473280,0.004789,0.000218,0.003237,23.6835,17.387960,78.484993,6.484778,0
2026-01-15 09:41:03,11.929484,-0.183158,0.238592,0.004058,-0.004775,0.000735,7.5136,17.385153,78.482888,11.960593,0
2026-01-15 05:59:47,0.048760,-0.066818,13.095110,-0.000823,0.000416,-0.000183,19.3533,17.389540,78.479454,13.098255,0
2026-01-15 08:12:51,-0.550255,-0.414675,6.357660,0.003331,-0.007291,-0.001123,26.9186,17.388939,78.491423,6.397098,0
2026-01-15 10:05:25,-8.345537,0.024043,-0.125449,0.001111,-0.000845,-0.000707,16.4729,17.380622,78.489956,8.350912,0
2026-01-15 07:03:42,-12.543830,0.012661,-0.223331,0.000342,-0.001495,-0.000852,8.5153,17.384658,78.491708,12.549288,0
2026-01-15 19:23:26,0.057114,-0.455763,11.263218,-0.001641,0.000413,0.002229,15.1354,17.379543,78.487753,11.281917,0
2026-01-15 17:57:32,12.608826,-0.451833,-0.435090,-0.005783,-0.005414,-0.000969,23.9338,17.387117,78.485788,12.624464,0
2026-01-15 01:35:29,0.151545,11.472595,-0.113530,-0.000926,0.001685,-0.004359,9.1134,17.379495,78.486541,11.474961,0
2026-01-15 01:18:26,-7.046654,-0.394106,0.264650,0.000309,0.002791,-0.000103,5.5443,17.395572,78.491896,7.062634,0
2026-01-15 11:07:11,-0.445420,-11.388779,-0.634821,0.000353,0.001125,0.000621,21.0381,17.386884,78.485106,11.423957,0
2026-01-15 06:59:56,-13.259371,-0.830679,-0.465213,0.001602,-0.002288,0.002168,8.1837,17.382185,78.487711,13.293548,0
2026-01-15 17:13:48,12.674162,0.111786,-0.271059,-0.000716,0.000616,-0.000638,25.2370,17.390169,78.488475,12.677555,0
2026-01-15 08:03:35,-0.349614,-0.181221,-6.611241,-0.000349,0.000397,-0.000391,17.5974,17.379880,78.486312,6.623420,0
2026-01-15 05:48:34,-0.087304,-12.230056,-0.240817,0.018881,-0.024195,-0.003748,74.6947,17.381460,78.489301,12.232780,0
2026-01-15 11:05:34,0.331658,-11.507707,0.375157,-0.010639,0.001254,0.027926,38.0442,17.378170,78.477997,11.520278,0
2026-01-15 00:13:59,0.113047,0.028683,11.895546,-0.007075,0.000795,0.003782,36.1077,17.388545,78.484656,11.896877,0
2026-01-15 11:32:56,-11.083754,-0.440919,-0.176722,0.009763,-0.005044,0.023931,64.8128,17.382448,78.483546,11.095036,0
2026-01-15 13:18:09,0.247906,-11.547573,-0.330714,0.003252,0.002323,0.003031,78.8791,17.391033,78.484378,11.555916,0
2026-01-15 05:08:46,-0.257182,-0.376434,8.503461,0.007944,-0.003130,-0.003867,54.1874,17.389374,78.494752,8.515712,0
2026-01-15 04:00:13,-11.605144,-0.085946,0.494474,0.006567,0.004294,0.000172,73.3619,17.383722,78.485627,11.629819,0
2026-01-15 16:52:44,0.375725,-0.229429,11.554361,0.001070,0.014003,0.001477,57.0701,17.380993,78.486085,11.568599,0
2026-01-15 07:44:14,-7.793979,-0.034000,-0.167027,-0.022475,0.004873,-0.016798,74.5864,17.390362,78.485598,7.798951,0
2026-01-15 10:36:54,0.008001,-0.132686,-11.255789,0.023895,0.016762,0.000996,24.8370,17.379666,78.487005,11.259962,0
2026-01-15 10:01:13,0.259234,-0.221254,7.340465,0.002755,0.025240,-0.018505,75.1491,17.396248,78.489359,7.349240,0
2026-01-15 22:46:05,11.671986,0.368148,-0.533277,-0.016732,-0.020124,-0.005243,62.7627,17.384431,78.478178,11.690554,0
2026-01-15 11:35:24,11.546146,0.432603,0.289549,-0.011309,0.031568,0.005945,23.2218,17.390801,78.486730,11.561189,0
2026-01-15 02:00:19,-0.063480,0.216571,8.156349,0.012616,0.004385,-0.020282,59.6403,17.381363,78.490023,8.162228,0
2026-01-15 09:26:24,-0.362080,-8.133742,-0.057978,0.002508,0.022410,0.014835,26.1339,17.382777,78.491403,8.142896,0
2026-01-15 15:50:04,-11.976755,-0.079903,-0.120087,0.018499,-0.017941,0.000776,53.5722,17.380206,78.489086,11.978754,0
2026-01-15 20:38:08,0.047877,0.134434,11.348118,0.025984,-0.014880,-0.014007,63.2540,17.382837,78.490962,11.351687,0
2026-01-15 12:23:07,-11.232295,-0.174336,-0.119037,0.019449,-0.008648,-0.004467,61.7175,17.378446,78.493467,11.260653,0
2026-01-15 21:31:08,0.476663,0.081390,7.393597,-0.004489,0.003454,-0.006164,79.8359,17.390132,78.479726,7.411899,0
2026-01-15 11:44:57,0.820287,11.720284,-0.301048,0.000836,0.008543,-0.004669,59.5198,17.376487,78.484605,11.760004,0
2026-01-15 13:06:00,7.586159,-0.234919,-0.054449,-0.004958,-0.009179,-0.018727,74.8641,17.385219,78.474015,7.591555,0
2026-01-15 13:58:05,-0.290192,-0.148401,10.945755,0.006952,-0.005883,-0.000017,64.8112,17.387322,78.487361,10.957910,0
2026-01-15 00:54:21,0.077785,10.977787,-0.078747,0.023185,-0.022362,0.006887,28.5005,17.392567,78.489182,10.984104,0
2026-01-15 12:01:47,-11.774813,-0.038136,-0.154094,0.013233,0.005989,-0.019356,29.8612,17.387848,78.493741,11.781955,0
2026-01-15 03:16:42,0.053163,0.236413,11.727656,-0.006707,0.001491,-0.004637,55.5322,17.382797,78.489474,11.731160,0
2026-01-15 21:08:20,-0.115345,0.092356,-12.101426,0.008523,-0.007970,-0.015304,58.3465,17.390825,78.483734,12.103955,0
2026-01-15 05:31:18,-0.308895,0.260605,10.975773,-0.002460,-0.011296,-0.002703,30.9827,17.387796,78.485699,10.986792,0
2026-01-15 14:31:10,0.329719,8.592036,0.099801,0.008161,-0.005170,-0.007413,47.0601,17.377142,78.487409,8.599555,0
2026-01-15 17:52:23,0.038976,8.682146,0.074367,-0.002014,-0.001899,0.000056,65.6634,17.381456,78.485258,8.685994,0
2026-01-15 14:55:07,-11.619723,-0.008953,0.241315,-0.021496,0.016075,-0.000069,65.6002,17.379653,78.494500,11.623065,0
2026-01-15 19:34:10,0.264601,11.960530,-0.373580,0.003039,0.003540,-0.008393,68.6422,17.379424,78.484373,11.973447,0
2026-01-15 04:15:09,0.450563,-0.041196,8.287853,0.010524,0.019876,-0.011128,37.3600,17.386748,78.485068,8.324520,0
2026-01-15 22:59:56,0.266052,-11.867786,-0.202063,-0.011030,0.007483,-0.026001,65.6884,17.378180,78.491771,11.877092,0
2026-01-15 15:17:20,0.669245,0.443485,8.211527,-0.025101,0.006176,-0.020924,39.6374,17.394146,78.485143,8.256393,0
2026-01-15 14:00:27,0.151544,12.035732,0.007077,-0.011137,0.003420,-0.005644,54.6760,17.387649,78.485742,12.052515,0
2026-01-15 23:44:48,-11.094005,-0.435511,0.236247,0.008359,-0.011828,-0.019859,27.9148,17.391641,78.489241,11.113477,0
2026-01-15 15:04:14,0.355309,-8.443014,-0.323155,-0.005928,-0.012603,0.018906,62.2219,17.389918,78.481081,8.458784,0
2026-01-15 14:22:46,0.336668,11.372860,0.003182,-0.010355,0.014855,0.018627,26.1456,17.392235,78.487386,11.384605,0
2026-01-15 08:41:05,0.081413,11.121489,0.404698,0.009513,-0.018500,0.016511,75.1936,17.383918,78.489522,11.129583,0
2026-01-15 07:31:24,0.573139,0.097524,8.416454,-0.009354,0.007352,0.018118,63.2708,17.379687,78.480046,8.437749,0
2026-01-15 02:01:37,10.949429,-0.057573,0.402395,0.012724,-0.008734,0.009856,55.6358,17.385993,78.474612,10.979115,0
2026-01-15 09:05:32,-0.421858,8.692903,-0.310861,-0.000057,0.009070,0.005168,22.3896,17.381994,78.484314,8.708701,0
2026-01-15 13:07:29,-0.378204,-0.425173,12.178011,-0.005819,-0.004214,-0.033288,29.3226,17.386984,78.487756,12.191387,0
2026-01-15 04:47:49,11.718874,0.320985,-0.053846,-0.001108,-0.003358,-0.000489,59.9648,17.384448,78.484029,11.728445,0
2026-01-15 18:10:23,0.083941,12.109989,0.435940,0.012720,0.020120,0.010584,27.0834,17.381246,78.491531,12.120190,0
2026-01-15 01:35:51,-11.025169,0.354443,0.575335,0.013277,-0.023581,0.004228,73.6561,17.391794,78.496362,11.045965,0
2026-01-15 01:25:04,0.227473,-12.176749,0.179500,-0.025303,-0.003335,-0.006379,45.1622,17.386010,78.492936,12.180922,0
2026-01-15 06:46:57,-12.124855,-0.012426,0.117867,0.022529,-0.014707,-0.014291,66.4116,17.380110,78.483824,12.125487,0
2026-01-15 03:13:33,11.621925,0.275105,0.327825,-0.021495,0.018161,0.000167,29.0340,17.389696,78.480450,11.629839,0
2026-01-15 03:32:08,12.271035,-0.128743,0.563320,-0.011340,-0.003286,-0.010298,77.6711,17.387079,78.486665,12.284674,0
2026-01-15 02:12:08,0.214985,-0.049165,7.851059,0.006964,-0.003987,-0.012463,55.5137,17.383348,78.490625,7.854176,0
2026-01-15 09:52:45,-0.059591,-7.631716,-0.323728,0.011903,-0.017004,0.003987,29.3246,17.392652,78.491884,7.640095,0
2026-01-15 17:47:35,-11.828821,-0.765192,-0.075556,0.000915,0.001255,-0.002663,70.1555,17.394378,78.484089,11.855317,0
2026-01-15 02:01:04,-8.418933,0.197547,0.034538,0.004570,-0.006409,-0.015144,68.2338,17.390737,78.490346,8.435221,0
2026-01-15 11:13:58,0.514459,-8.458452,0.647111,0.012018,-0.003168,-0.019551,68.5579,17.381094,78.490544,8.513374,0
2026-01-15 16:15:40,-0.321288,-0.290426,8.495592,0.000162,0.009392,0.005773,73.0054,17.378731,78.490486,8.529273,0
2026-01-15 08:03:51,-0.238199,0.291226,12.277681,0.006316,-0.014315,0.012090,21.1718,17.383526,78.490192,12.301131,0
2026-01-15 12:22:59,12.289333,0.258212,-0.057244,0.009249,0.015907,0.005830,66.0105,17.386849,78.496502,12.297297,0
2026-01-15 15:34:19,-0.214746,-0.628853,12.041796,0.006196,-0.026827,-0.011331,30.5660,17.390628,78.500766,12.068833,0
2026-01-15 00:09:37,-11.071946,-0.001835,0.175047,-0.000439,-0.000613,-0.002908,23.3701,17.387469,78.483332,11.073335,0
2026-01-15 20:31:41,0.281300,-13.918224,0.281229,-0.000492,-0.000238,0.000705,0.2218,17.391690,78.497185,13.924089,0
2026-01-15 18:25:54,0.049118,-0.207507,12.759091,-0.002003,-0.001197,-0.002941,1.1240,17.383383,78.474918,12.761850,0
2026-01-15 02:52:45,0.070446,0.380918,14.786992,-0.000379,0.000380,0.005031,0.0648,17.390134,78.496051,14.792849,0
2026-01-15 15:56:24,-5.798834,0.112411,-0.005999,0.001091,-0.002796,0.002436,0.6715,17.395195,78.484996,5.799926,0
2026-01-15 05:56:24,-0.266566,-0.371637,12.855415,0.000739,-0.000540,0.001862,1.6576,17.386874,78.486413,12.863694,0
2026-01-15 06:12:26,-0.343605,12.285521,-0.074837,0.000007,0.000282,0.000477,1.8837,17.386273,78.488928,12.292713,0
2026-01-15 20:38:30,-0.039533,-5.709137,-0.296335,0.003806,0.000398,0.000142,1.4599,17.392941,78.491875,5.718410,0
2026-01-15 12:23:11,7.209068,0.024570,0.073591,-0.000186,-0.000023,0.000241,0.3417,17.381338,78.490126,7.210976,0
2026-01-15 01:53:24,-0.157932,6.470241,-0.044653,-0.000574,0.000498,-0.001302,0.9301,17.385146,78.483410,6.472674,0
2026-01-15 19:09:07,-0.197373,14.263231,-0.090844,0.001357,0.001805,0.000400,1.0710,17.378527,78.486313,14.265216,0
2026-01-15 23:58:51,-4.895994,-0.145426,-0.792932,0.001716,0.001745,-0.000030,1.8981,17.386947,78.483665,4.962236,0
2026-01-15 18:48:06,-0.664477,11.983362,0.464388,0.000512,0.000411,-0.002036,0.7947,17.388812,78.492222,12.011036,0
2026-01-15 21:44:25,0.448847,-0.420775,4.997337,0.002784,-0.001161,0.000199,0.2020,17.379311,78.490973,5.035215,0
2026-01-15 07:08:19,-0.234404,0.036797,7.687657,0.001502,-0.001655,0.004109,0.6630,17.389778,78.481092,7.693652,0
2026-01-15 05:04:19,-0.102533,-4.846165,-0.619644,0.001327,-0.002011,0.000197,1.6516,17.383806,78.488211,4.887342,0
2026-01-15 14:32:25,0.193090,0.035513,-13.934423,-0.001317,-0.001716,0.000482,1.5610,17.383875,78.483160,13.938708,0
2026-01-15 00:24:03,-0.719411,0.253383,13.689871,0.000202,0.000406,-0.000661,0.0611,17.386059,78.485098,13.716229,0
2026-01-15 05:38:51,0.031798,0.201682,12.295256,-0.001666,0.002525,-0.000529,1.9298,17.382371,78.487432,12.298722,0
2026-01-15 03:00:32,-0.196591,-0.246147,-11.829537,0.000575,-0.001304,0.000277,1.6102,17.387264,78.482508,11.835391,0
2026-01-15 20:19:12,-0.195594,-0.159853,14.805891,0.000578,-0.003194,-0.003890,1.6788,17.384449,78.494860,14.808288,0
2026-01-15 18:45:36,-0.216901,0.149209,12.256884,0.000324,-0.001141,0.003871,1.7994,17.378255,78.491609,12.259788,0
2026-01-15 04:47:16,0.142069,-0.637519,14.242082,-0.000873,0.000917,-0.001432,1.4267,17.385950,78.489057,14.258044,0
2026-01-15 03:30:03,-0.120183,-13.983575,0.101357,0.002705,0.000990,-0.000852,1.8252,17.380206,78.484141,13.985560,0
2026-01-15 18:57:58,-5.172454,-0.001809,-0.185901,0.002263,0.001315,-0.001713,1.8886,17.386576,78.491882,5.210820,0
2026-01-15 15:50:48,-4.827822,0.033024,0.188876,0.000540,-0.000106,0.000711,1.7248,17.389161,78.494415,4.850052,0
2026-01-15 21:00:40,0.288006,-14.144845,0.194491,0.000145,0.000814,0.000072,0.8674,17.386624,78.484183,14.149257,0
2026-01-15 21:08:21,-14.002334,0.267167,0.278454,0.000934,-0.000237,0.000902,1.7540,17.381267,78.484416,14.010810,0
2026-01-15 12:56:40,0.212288,-4.812445,0.205711,-0.000336,-0.002633,-0.000077,1.5002,17.382856,78.478401,4.821583,0
2026-01-15 21:40:00,0.443913,0.358459,12.563616,0.000549,0.002018,0.001982,0.0972,17.383990,78.483762,12.577368,0
2026-01-15 08:53:33,-0.095225,-0.297689,6.893532,-0.001326,-0.000666,0.003196,1.3250,17.378148,78.487097,6.906651,0
2026-01-15 04:05:49,-0.204654,0.004688,-8.336133,-0.021671,-0.061073,-0.113843,36.3902,17.388794,78.480606,8.342256,0
2026-01-15 13:47:07,8.857574,0.221546,-0.008524,0.028306,0.121928,-0.123252,24.0516,17.380202,78.492784,8.895954,0
2026-01-15 12:29:17,-0.161209,-0.213865,-10.203494,-0.152211,-0.010183,-0.095351,21.8356,17.383648,78.489053,10.223998,0
2026-01-15 05:39:24,-11.083037,0.301968,0.668794,0.092880,-0.124621,0.072619,39.1298,17.387429,78.479871,11.112850,0
2026-01-15 21:33:49,0.156549,-0.026366,11.043104,-0.046745,0.148641,0.044171,54.5030,17.381933,78.494181,11.044997,0
2026-01-15 17:57:39,-0.454739,10.990291,-0.235314,-0.077050,-0.156879,0.017889,28.9594,17.383211,78.484798,11.002349,0
2026-01-15 07:05:29,0.080699,10.172360,-0.222426,0.009087,0.157404,0.051527,26.2771,17.381844,78.483018,10.175479,0
2026-01-15 19:40:19,0.258462,-10.636910,-0.079656,-0.157093,-0.007090,-0.002660,23.5208,17.390727,78.490680,10.643027,0
2026-01-15 03:06:48,-0.065492,11.177544,0.055928,0.107919,-0.082202,-0.076958,46.1838,17.380631,78.480379,11.178133,0
2026-01-15 06:12:07,-0.277376,-10.885256,0.502012,0.054748,0.029793,-0.061460,34.2056,17.381776,78.489068,10.900692,0
2026-01-15 16:08:31,-0.264894,0.429636,11.207523,0.025693,0.094952,0.092851,38.2818,17.378567,78.488765,11.226260,0
2026-01-15 10:32:56,-0.355426,0.038263,10.107542,-0.087329,-0.018851,-0.153044,42.1291,17.379852,78.491402,10.115205,0
2026-01-15 17:55:20,-0.220222,-10.566976,-0.148585,0.132486,-0.127106,-0.095465,56.6364,17.375406,78.486257,10.571595,0
2026-01-15 22:07:48,-0.101417,-0.445613,8.642530,-0.075688,0.184543,-0.029015,45.3033,17.378135,78.485122,8.655751,0
2026-01-15 01:12:17,-0.291159,-10.496318,-0.600843,-0.098409,0.107443,0.008640,42.8255,17.383790,78.488124,10.532685,0
2026-01-15 23:41:35,8.606121,-0.233635,0.001736,-0.013504,0.084832,0.063677,31.4646,17.384340,78.477019,8.609778,0
2026-01-15 19:55:49,-0.350800,-0.588886,10.538928,0.118078,-0.035289,0.084962,51.8733,17.388792,78.487310,10.576664,0
2026-01-15 05:11:47,-0.301820,-0.402683,11.124308,-0.060187,0.124741,-0.028468,29.0219,17.388336,78.493801,11.142534,0
2026-01-15 20:39:53,10.705636,0.491779,0.335997,0.002306,0.129154,0.033110,37.1403,17.377929,78.482072,10.726616,0
2026-01-15 06:42:21,-0.087452,0.192526,10.902123,0.039300,-0.122521,0.071495,42.9071,17.387962,78.488931,10.904268,0
2026-01-15 01:43:56,0.558794,10.492329,0.039616,-0.000894,-0.116025,0.041223,58.0123,17.379737,78.482436,10.507280,0
2026-01-15 10:32:05,-0.010924,-0.066208,10.482422,-0.030916,-0.196458,-0.010794,57.7995,17.382912,78.493953,10.495124,0
2026-01-15 23:49:27,11.245055,-0.147721,-0.142667,-0.064181,0.044348,-0.074278,58.2510,17.389876,78.477963,11.247854,0
2026-01-15 14:40:25,-0.017232,-8.732107,0.168288,0.029931,0.180592,0.085594,49.8756,17.389337,78.484285,8.734127,0
2026-01-15 19:05:18,-0.020128,-0.106553,10.629077,-0.022325,-0.054165,0.067436,46.9319,17.383115,78.494372,10.629630,0
2026-01-15 23:41:23,0.117369,11.026297,-0.010922,-0.110197,-0.024413,0.084072,35.8045,17.381895,78.496968,11.028329,0
2026-01-15 20:54:32,-8.321339,0.012774,-0.707379,-0.022240,-0.000918,-0.085788,54.9907,17.382132,78.491287,8.361130,0
2026-01-15 02:16:06,9.316938,0.488691,0.350990,-0.089423,0.063580,-0.002273,44.6754,17.381056,78.485728,9.339054,0
2026-01-15 18:36:23,-0.077086,-0.114156,10.335268,-0.114976,-0.103480,0.033159,58.0616,17.382730,78.493223,10.346901,0
2026-01-15 15:35:06,11.070818,-0.417269,-0.047248,0.129016,-0.077730,0.138158,26.7456,17.376871,78.489906,11.079240,0
2026-01-15 18:25:49,10.318925,-0.125218,-0.043461,-0.094061,0.102137,-0.082244,53.6717,17.378804,78.480266,10.320924,0
2026-01-15 12:23:32,-0.510379,0.090385,10.804688,0.106739,-0.017542,-0.165831,42.0638,17.379171,78.488315,10.818044,0
2026-01-15 11:02:14,0.181840,0.311228,10.114727,0.009227,-0.062562,-0.097784,58.5600,17.384492,78.481275,10.122710,0
2026-01-15 16:40:53,0.175699,0.630927,8.568490,0.033926,0.105819,0.031782,30.5743,17.381500,78.493970,8.596233,0
2026-01-15 11:31:50,-0.162751,10.429203,-0.325266,-0.103512,-0.103165,0.101456,43.1453,17.380360,78.486521,10.438194,0
2026-01-15 10:46:07,-8.924122,0.357818,-0.032932,0.046832,-0.123531,-0.092169,40.0735,17.382258,78.482612,8.931468,0
2026-01-15 05:33:25,0.088214,8.930316,-0.159214,-0.028948,0.138552,0.034824,28.4282,17.388629,78.488330,8.932180,0
2026-01-15 18:52:49,0.315239,-0.655921,10.804411,0.138127,-0.072288,0.008363,20.7448,17.382650,78.488475,10.829229,0
2026-01-15 04:38:06,0.357044,-10.316933,0.265516,0.053461,0.158256,0.016529,30.5808,17.391394,78.482905,10.328261,0
2026-01-15 16:26:23,-0.149976,-0.003138,10.320614,0.005447,0.092367,-0.174393,43.9926,17.386126,78.479851,10.322907,0
2026-01-15 07:58:54,0.072307,10.497423,-0.418163,-0.054494,-0.009303,-0.026737,8.5791,17.388795,78.491245,10.509859,0
2026-01-15 04:27:41,-9.727641,-0.512201,-0.132545,-0.008077,-0.029516,-0.043166,10.8746,17.383092,78.491342,9.742946,0
2026-01-15 09:36:22,-0.072481,0.447421,10.268293,-0.017627,-0.016324,0.001806,10.7221,17.381400,78.485706,10.278296,0
2026-01-15 22:03:10,-10.424099,-0.326312,-0.055811,-0.018877,-0.024666,0.017789,2.7614,17.377660,78.484586,10.429356,0
2026-01-15 16:18:45,0.286584,-10.114311,0.195455,0.015220,0.052510,0.012696,16.0874,17.391866,78.486327,10.121283,0
2026-01-15 05:43:02,-0.186748,-9.031983,-0.299060,-0.004953,0.004353,0.000933,15.4722,17.381388,78.486640,9.039176,0
2026-01-15 17:58:37,0.051904,9.512874,-0.315069,0.052403,-0.001994,-0.024218,19.5129,17.388452,78.489196,9.522208,0
2026-01-15 16:16:56,10.082143,0.085588,0.186024,0.001289,-0.078473,-0.030291,5.5302,17.383664,78.489106,10.088476,0
2026-01-15 02:24:40,-0.474331,-10.227336,0.035903,-0.061696,-0.031232,0.007869,5.0028,17.387449,78.487425,10.240323,0
2026-01-15 05:30:20,0.347595,-10.419310,0.565751,0.001583,0.017124,0.011327,14.0235,17.385859,78.485207,10.440925,0
2026-01-15 11:09:49,0.176440,-0.082681,-10.090934,-0.055610,-0.005317,0.054763,5.3815,17.389839,78.478810,10.092830,0
2026-01-15 08:31:11,0.591262,0.024621,9.861630,-0.018546,-0.031274,0.071754,13.5162,17.389793,78.482555,9.895351,0
2026-01-15 03:44:33,0.253774,0.264342,-8.993022,0.038824,-0.040199,0.057359,5.6053,17.385896,78.481546,9.022484,0
2026-01-15 13:13:26,0.229154,0.168141,-9.436839,-0.011598,-0.007246,0.059126,0.2364,17.383240,78.489658,9.441944,0
2026-01-15 23:09:30,9.209117,-0.362336,-0.215376,-0.026816,0.006740,-0.019064,17.0865,17.387046,78.484407,9.249430,0
2026-01-15 08:30:53,-0.476323,-0.051094,10.443404,-0.010662,-0.011879,-0.005394,9.9920,17.384358,78.485362,10.454535,0
2026-01-15 17:11:49,-0.511474,-0.193239,10.297945,0.021362,-0.014589,-0.030794,6.6931,17.378585,78.483636,10.313890,0
2026-01-15 18:25:54,0.225995,-10.032921,-0.096456,0.017848,0.011657,0.020460,10.2089,17.381314,78.493025,10.037687,0
2026-01-15 13:10:11,-0.060816,0.228751,10.531978,-0.004691,0.004623,-0.005391,6.8725,17.373911,78.480260,10.535658,0
2026-01-15 02:06:16,-0.037363,-0.116728,-9.125541,0.003797,0.008568,-0.008179,4.6925,17.389960,78.487829,9.126631,0
2026-01-15 15:29:55,10.300958,0.245278,-0.111491,-0.002225,0.008535,0.001549,18.6318,17.387835,78.483590,10.304482,0
2026-01-15 15:34:14,-0.388907,-0.098001,10.223337,0.007496,-0.021928,0.009493,8.8969,17.374300,78.484694,10.242467,0
2026-01-15 09:00:49,0.364385,-9.158952,0.008459,-0.013203,-0.036361,-0.008151,7.3157,17.376619,78.487425,9.166234,0
2026-01-15 20:15:33,0.233562,9.442963,-0.209970,0.004117,-0.016098,-0.021023,4.6243,17.385373,78.488997,9.465652,0
2026-01-15 22:39:31,-0.220171,-10.415047,-0.022844,0.063512,0.031326,0.036271,16.1515,17.379724,78.488520,10.421631,0
2026-01-15 15:23:29,-9.954630,-0.042247,0.227824,0.003320,0.000635,0.000404,0.9926,17.386069,78.492110,9.960232,0
2026-01-15 22:15:24,-10.350082,0.178874,0.304680,0.001143,0.002345,-0.003617,1.6045,17.386204,78.484752,10.367548,0
2026-01-15 23:59:35,-0.012273,-9.191473,-0.103297,-0.009676,0.037293,-0.009273,14.7524,17.389384,78.493777,9.193020,0
2026-01-15 00:02:37,-9.385376,-0.158893,0.322215,0.017647,0.007632,0.013353,12.7704,17.391444,78.493025,9.393259,0
2026-01-15 17:50:06,10.430256,0.353170,-0.106813,-0.039073,0.000987,-0.016412,11.9242,17.383221,78.489278,10.436780,0
2026-01-15 09:34:44,0.110217,-9.904109,0.160873,0.012036,0.011919,0.013473,19.6335,17.379659,78.487495,9.910662,0
2026-01-15 00:49:40,-0.089686,-10.181086,0.327737,-0.030819,0.022275,0.032789,10.8724,17.384599,78.491766,10.202074,0
2026-01-15 19:18:20,0.036065,10.212051,-0.079655,-0.049245,-0.031660,0.027044,17.6586,17.378669,78.487097,10.214766,0
2026-01-15 16:39:44,-10.135626,-0.136053,0.141182,-0.010129,0.022356,0.015976,1.9251,17.388779,78.480727,10.137844,0
2026-01-15 13:52:23,-10.260924,-0.087161,-0.629105,0.001813,0.001783,-0.005372,4.4145,17.373976,78.482793,10.282241,0
2026-01-15 07:36:40,0.230790,0.109290,-10.417621,-0.003876,-0.000855,-0.005437,12.3387,17.387269,78.492674,10.445400,0
2026-01-15 17:38:28,-0.398460,-0.207982,-10.558030,-0.030886,0.010199,-0.037317,11.1628,17.377683,78.486784,10.568003,0
2026-01-15 11:28:28,-0.362077,-10.547554,0.122113,-0.049653,-0.058848,-0.017348,11.0016,17.377147,78.484435,10.556816,0
2026-01-15 08:58:35,-8.991644,-0.104987,-0.081136,0.001705,0.000275,-0.000351,0.6933,17.388341,78.480119,9.042140,0
2026-01-15 23:04:46,-0.100898,-9.395793,-0.265965,0.046126,0.007742,-0.019175,11.4322,17.375964,78.493583,9.400983,0
2026-01-15 11:56:52,-0.581138,-0.301796,10.046255,-0.032787,-0.024703,-0.012839,9.7655,17.393059,78.489954,10.069754,0
2026-01-15 16:44:14,-0.233669,-0.333721,10.136007,0.032057,-0.025213,0.070332,2.4108,17.382243,78.486293,10.157444,0
2026-01-15 08:05:25,-0.116052,-0.059366,-9.920115,0.032034,-0.025751,0.042822,19.9473,17.384815,78.480700,9.932558,0
2026-01-15 21:59:36,0.096382,0.285062,9.397323,-0.040634,-0.053798,-0.008260,2.6075,17.384459,78.492274,9.408542,0
2026-01-15 07:12:43,-0.245064,-9.871942,0.022535,-0.018822,0.024400,-0.050540,8.4708,17.381147,78.483234,9.881676,0
2026-01-15 10:13:47,-9.495674,0.417502,0.339971,0.042731,-0.028215,0.042503,17.0553,17.383084,78.492309,9.510943,0
2026-01-15 06:50:44,-0.669917,-9.331562,-0.150775,-0.014430,0.010490,-0.007029,10.4653,17.384940,78.488760,9.379596,0
2026-01-15 16:45:06,-0.236206,-9.301965,0.242098,-0.001451,-0.001614,0.005899,13.0952,17.374435,78.496136,9.315628,0
2026-01-15 11:43:22,-9.080662,-0.001358,0.055954,-0.004438,-0.042234,-0.007896,11.9421,17.382709,78.488814,9.086902,0
2026-01-15 12:42:08,0.159485,10.075209,0.456263,-0.020759,0.017879,0.003348,19.9199,17.384459,78.489817,10.094303,0
2026-01-15 18:34:43,-0.121090,-0.287337,9.871238,-0.013520,-0.024977,-0.019467,19.2121,17.389917,78.492354,9.880236,0
2026-01-15 23:07:11,0.268130,-0.171196,10.436280,-0.063828,-0.037051,-0.015990,6.1800,17.390618,78.489550,10.450084,0
2026-01-15 00:48:39,0.247533,10.060833,-0.015366,-0.073536,-0.001665,-0.022683,14.5416,17.386010,78.489456,10.064078,0
2026-01-15 15:30:08,10.298856,-0.261432,-0.129365,-0.029719,-0.035236,-0.027230,12.2472,17.378133,78.493958,10.303557,0
2026-01-15 22:20:55,0.202533,-9.938288,-0.095822,-0.004890,0.009077,0.018405,8.1718,17.378570,78.489579,9.941029,0
2026-01-15 03:28:29,0.215575,-0.427540,9.415266,0.016313,-0.015589,-0.003604,8.0973,17.384602,78.485657,9.443964,0
2026-01-15 09:29:10,0.084460,10.464069,-0.388110,0.003851,0.001382,0.003482,19.9167,17.391444,78.481276,10.471608,0
2026-01-15 10:28:01,-10.134373,0.098090,0.297993,0.015529,-0.044605,-0.026549,1.0909,17.380214,78.485564,10.147970,0
2026-01-15 02:33:45,0.224026,-9.659151,-0.281436,-0.049373,-0.001789,-0.016944,14.2527,17.383075,78.480177,9.666897,0
2026-01-15 01:26:19,-0.085439,10.116045,0.129273,0.055549,0.027050,-0.031602,10.2333,17.390264,78.493752,10.117270,0
2026-01-15 15:15:13,-10.015658,-0.453801,0.510730,0.002169,-0.067437,0.001005,8.9252,17.387417,78.480598,10.057615,0
2026-01-15 04:54:02,0.619897,0.025616,9.317983,0.038526,0.004676,0.017150,8.2030,17.389358,78.488571,9.338910,0
2026-01-15 23:37:23,10.298547,0.603939,0.129758,0.034519,-0.020081,-0.061601,5.9688,17.372962,78.482042,10.343597,0
2026-01-15 06:44:13,0.216071,-10.542888,0.060817,-0.001479,0.006911,0.006658,5.9859,17.382533,78.491540,10.555184,0
2026-01-15 11:59:08,-10.257989,0.046961,0.803913,-0.008925,-0.005106,-0.004162,14.5946,17.368923,78.484413,10.299643,0
2026-01-15 19:26:26,-10.298998,-0.145777,-0.049521,0.014809,-0.040633,0.009113,14.5837,17.384732,78.483602,10.301432,0
2026-01-15 23:36:39,0.073668,0.232617,9.770348,-0.031369,-0.001877,0.003745,16.1209,17.383207,78.482797,9.773606,0
2026-01-15 13:59:47,-0.337385,0.044544,-10.571434,0.004350,-0.070556,0.017824,3.8803,17.389422,78.483611,10.578090,0
2026-01-15 12:40:34,-0.199834,-0.045837,9.850402,-0.024495,-0.023812,0.031264,11.2989,17.384761,78.488235,9.854818,0
2026-01-15 09:11:07,-0.072317,-10.476273,0.303991,0.009252,0.003857,0.049573,7.7913,17.388324,78.485937,10.483925,0
2026-01-15 03:52:33,0.340210,0.053741,9.502391,-0.000001,-0.000544,-0.004913,4.0420,17.385444,78.484255,9.510627,0
2026-01-15 21:47:19,0.098312,-0.111781,10.350249,0.003867,0.008671,-0.009019,14.4914,17.386790,78.485504,10.351374,0
2026-01-15 16:06:13,-9.788091,0.225882,-0.136222,0.051580,0.024921,0.033995,12.7770,17.391951,78.487668,9.792016,0
2026-01-15 12:03:05,-0.164327,10.239602,-0.238206,0.048357,0.005696,0.001879,5.4210,17.386321,78.486081,10.244023,0
2026-01-15 14:36:08,-0.129891,-0.394406,10.140470,0.013808,-0.004772,-0.008794,11.9224,17.393281,78.485618,10.151173,0
2026-01-15 22:58:42,-0.188945,-9.721884,-0.212684,0.007904,0.044937,-0.053564,13.9720,17.389259,78.484403,9.735667,0
2026-01-15 03:20:35,10.068817,0.043094,-0.178194,0.020500,-0.057457,-0.044246,6.4952,17.392360,78.492558,10.074262,0
2026-01-15 18:50:21,0.016082,-10.325447,0.186262,0.036932,0.015277,0.056877,10.6549,17.372286,78.492871,10.329561,0
2026-01-15 03:43:52,-0.309473,-0.155701,9.363791,-0.015358,0.006852,-0.014093,13.2522,17.386827,78.486480,9.374378,0
2026-01-15 12:39:36,10.260445,0.297832,0.492416,-0.066707,0.026725,0.000031,6.5482,17.388642,78.491962,10.287124,0
2026-01-15 04:54:18,-0.241579,0.677010,9.527309,0.012079,0.001151,0.000723,110.1940,17.390070,78.486566,9.586420,0
2026-01-15 12:27:34,0.121729,-0.255541,-9.767041,-0.039652,-0.007654,-0.024727,117.4320,17.382961,78.491469,9.778795,0
2026-01-15 13:08:05,0.093020,-9.904018,0.446704,-0.001395,0.009388,0.004544,51.1255,17.383966,78.481319,9.915608,0
2026-01-15 18:31:54,-0.250349,-0.192757,9.872373,0.032121,-0.026525,0.008610,108.8122,17.387674,78.493264,9.878610,0
2026-01-15 08:29:33,-0.556565,0.615763,-10.132581,-0.014739,-0.034563,0.004028,61.5400,17.390085,78.493313,10.175457,0
2026-01-15 14:32:57,-0.230040,-0.382024,9.837869,-0.021809,-0.031385,-0.026990,47.0757,17.384281,78.486839,9.849117,0
2026-01-15 01:42:18,-0.019622,10.034580,0.441638,-0.035337,-0.014949,-0.006325,73.6813,17.382000,78.487511,10.044616,0
2026-01-15 23:09:42,0.464977,0.243812,-9.390886,0.021461,-0.001115,0.025497,62.9453,17.376278,78.480337,9.405552,0
2026-01-15 13:49:24,0.154696,9.990963,0.844623,0.012987,-0.033507,-0.022940,60.9002,17.389373,78.479876,10.033327,0
2026-01-15 17:14:24,0.054699,-0.084037,-9.690378,0.020445,-0.012296,0.002828,91.0060,17.372967,78.488808,9.691026,0
2026-01-15 13:39:58,0.684870,10.119418,-0.428777,0.018362,-0.004569,-0.010184,61.0100,17.391191,78.483479,10.151755,0
2026-01-15 05:20:35,-0.169000,10.131368,0.072312,-0.014430,-0.004901,-0.003055,61.6261,17.381004,78.493530,10.136033,0
2026-01-15 06:38:40,0.258970,0.198045,-9.809762,0.001907,0.001034,0.000155,45.4362,17.391772,78.484245,9.815289,0
2026-01-15 20:29:59,-0.357104,9.823715,-0.717572,-0.040660,-0.009873,-0.027780,46.9109,17.373522,78.489418,9.870895,0
2026-01-15 02:31:59,-0.024083,-10.294349,-0.018372,0.016929,0.036985,-0.000939,95.3777,17.386203,78.484111,10.307624,0
2026-01-15 14:01:57,0.024697,-0.209144,9.698659,-0.021092,0.003779,0.002867,91.6387,17.381577,78.485354,9.709665,0
2026-01-15 02:34:14,-0.047995,9.544313,0.323900,-0.018648,0.027301,-0.010827,40.0694,17.376128,78.490769,9.561149,0
2026-01-15 10:05:53,-0.904821,-0.204067,-9.766879,0.022716,0.044579,-0.000836,105.4381,17.378505,78.494334,9.811654,0
2026-01-15 06:08:02,-9.569595,-0.089416,-0.090175,0.025726,-0.011746,-0.029049,91.8234,17.389031,78.483456,9.580180,0
2026-01-15 23:02:25,9.866654,-0.415383,-0.776655,0.001077,0.037321,-0.007955,87.4356,17.382585,78.490843,9.906546,0
2026-01-15 19:02:15,0.255039,-0.270906,-9.862070,-0.022645,-0.003292,-0.035928,93.3853,17.395824,78.488303,9.869094,0
2026-01-15 02:51:12,0.058363,-9.448312,-0.436254,-0.007747,0.001284,-0.002845,53.7799,17.379281,78.483114,9.459352,0
2026-01-15 08:09:48,0.330415,10.009548,-0.253367,-0.027150,0.007582,0.032233,118.5754,17.385836,78.488602,10.023106,0
2026-01-15 02:45:41,0.133212,0.034827,10.013821,-0.025829,0.026348,0.002596,84.2726,17.388142,78.487125,10.017577,0
2026-01-15 15:39:05,-0.072228,-10.102122,-0.233012,-0.009076,0.012311,-0.005046,95.4803,17.388062,78.487738,10.106865,0
2026-01-15 06:17:03,9.446449,0.823024,0.412296,-0.006914,0.040633,-0.003382,67.8283,17.378160,78.488564,9.496404,0
2026-01-15 14:02:06,-0.176987,-9.904883,0.088417,-0.008429,0.010352,0.039891,94.8195,17.377198,78.479962,9.906859,0
2026-01-15 03:20:14,-0.114514,10.179514,0.030018,0.026505,-0.035537,0.019809,54.0710,17.387903,78.484845,10.180208,0
2026-01-15 06:40:22,-9.846353,0.177372,0.302475,0.019409,-0.026218,-0.021532,109.5909,17.381126,78.490949,9.859032,0
2026-01-15 19:57:10,10.292232,0.142921,-0.304958,0.003095,0.002179,0.011367,50.1769,17.389917,78.494413,10.297778,0
2026-01-15 18:14:57,-0.987353,0.067020,-10.039016,-0.015932,-0.003142,-0.024895,58.3762,17.385094,78.491451,10.099061,0
2026-01-15 14:31:15,0.085120,-10.260983,-0.504577,0.013145,-0.046955,-0.009301,113.1004,17.387757,78.478140,10.273740,0
2026-01-15 00:29:29,-9.848029,0.186051,-0.078469,-0.008709,-0.013139,0.036613,95.4528,17.390202,78.480542,9.851546,0
2026-01-15 22:39:34,-0.327175,-10.176444,0.421481,0.000450,-0.016728,-0.042840,72.4288,17.382587,78.495005,10.195918,0
2026-01-15 05:41:35,-0.009000,10.088235,0.423301,-0.005720,0.008287,0.006941,94.7732,17.381505,78.483754,10.097615,0
2026-01-15 11:57:17,0.010512,9.430221,-0.703371,0.012692,0.026427,-0.006944,101.8860,17.384888,78.483428,9.457563,0
2026-01-15 22:51:56,-0.365557,10.049392,0.338466,0.018446,-0.013694,-0.002868,44.3568,17.378498,78.480821,10.061783,0
2026-01-15 09:26:43,9.746477,0.729810,0.186367,0.011371,-0.045477,0.001049,76.6299,17.378035,78.486089,9.777186,0
2026-01-15 10:31:37,0.192453,0.026136,10.064651,0.002231,-0.008065,-0.000999,67.7360,17.378573,78.483534,10.080717,0
2026-01-15 14:10:39,0.357694,0.390402,10.128501,0.010595,0.026095,-0.004855,83.8775,17.389462,78.488367,10.142928,0
2026-01-15 17:45:02,-0.156181,-0.416161,-17.424534,0.490379,-0.171147,0.384668,77.1148,17.384791,78.490187,17.430658,1
2026-01-15 17:32:21,16.122483,-0.032037,0.685365,0.132949,0.799946,-0.272261,68.8767,17.392375,78.498008,16.137766,1
2026-01-15 03:19:01,-0.268294,-0.466193,16.036943,-0.284553,0.110416,0.094083,113.7586,17.392290,78.488876,16.046220,1
2026-01-15 02:32:25,4.769966,-0.124229,-0.515866,-0.424583,0.205868,0.579989,86.7584,17.389398,78.480903,4.801850,1
2026-01-15 02:13:46,-0.109083,0.130077,13.780094,-0.213665,-0.056244,0.254244,96.3047,17.395082,78.485567,13.782250,1
2026-01-15 16:21:04,-17.221321,-0.747642,-0.567090,0.614606,-0.226999,-0.138478,84.9366,17.386487,78.492474,17.249024,1
2026-01-15 01:52:52,0.266599,-0.159002,2.074785,-0.355219,0.274865,0.319489,82.5463,17.380321,78.491297,2.144235,1
2026-01-15 15:58:44,14.319825,0.003524,-0.059668,0.472140,-0.271893,0.047380,89.6460,17.389058,78.483756,14.319964,1
2026-01-15 23:36:01,-16.028241,-0.165502,-0.318694,0.005297,-0.042902,-0.100721,105.8831,17.387010,78.482605,16.033929,1
2026-01-15 16:12:49,0.118052,0.134751,17.035400,0.167900,-0.083128,0.105810,63.5106,17.373468,78.484829,17.036400,1
2026-01-15 00:08:33,0.390819,3.625190,-0.100894,-0.595557,-0.130015,-0.318667,95.9257,17.376843,78.482513,3.669850,1
2026-01-15 17:44:48,14.215983,0.104306,0.034991,0.223098,-0.501159,-0.433111,84.7197,17.378918,78.486011,14.217089,1
2026-01-15 22:19:01,2.773929,-0.158691,-0.107418,0.226517,0.267593,-0.222149,114.9619,17.385390,78.482442,2.797099,1
2026-01-15 01:12:06,0.022770,0.153584,16.531364,0.106766,0.030858,-0.142117,67.7229,17.386300,78.478687,16.532301,1
2026-01-15 00:05:09,0.244872,-12.970772,0.134874,0.013215,-0.485677,-0.361289,95.5906,17.387302,78.494087,12.973964,1
2026-01-15 09:10:57,-17.029151,-0.412725,-0.269834,-0.342611,0.318706,-0.681877,116.9275,17.377199,78.485571,17.039308,1
2026-01-15 16:14:26,0.202332,-0.273767,16.576480,-0.027592,0.067462,0.053925,103.5210,17.390216,78.486384,16.580089,1
2026-01-15 21:53:28,-6.238262,0.007466,-0.114342,0.726768,-0.460515,0.018201,67.4169,17.377135,78.489181,6.245773,1
2026-01-15 21:05:07,-13.926346,-0.331801,0.266342,-0.094777,-0.181624,-0.351848,119.0977,17.380163,78.490685,13.939367,1
2026-01-15 22:49:37,6.034541,0.322623,-0.213182,0.206295,0.247310,0.240451,95.4334,17.384373,78.483009,6.093162,1
2026-01-15 20:08:01,-0.403180,-15.770403,-0.284971,0.548889,0.045541,-0.400961,108.0591,17.384975,78.492864,15.778250,1
2026-01-15 06:18:42,-13.298158,0.304180,0.240101,0.072737,0.094221,0.049145,64.0937,17.385977,78.478183,13.308017,1
2026-01-15 01:11:35,-0.709235,-0.213904,15.278364,0.113234,-0.350080,0.314035,92.5463,17.381044,78.490890,15.299495,1
2026-01-15 05:32:03,0.315812,3.477593,-0.143951,0.017425,-0.374345,-0.590518,113.0820,17.379891,78.484509,3.512945,1
2026-01-15 20:21:24,0.025356,-14.760213,0.371378,0.126665,-0.306331,0.341320,118.2522,17.377646,78.482715,14.766924,1
2026-01-15 01:29:42,0.007953,0.219240,13.294853,0.222183,0.191088,-0.206224,81.4420,17.388003,78.492444,13.296750,1
2026-01-15 15:32:51,-0.062472,0.012039,2.487315,0.382015,0.304277,0.214495,114.0846,17.383767,78.483836,2.493157,1
2026-01-15 07:39:47,0.127212,16.628646,0.117157,-0.028806,0.078942,0.343820,96.8897,17.383088,78.493241,16.634520,1
2026-01-15 17:20:12,0.491777,17.590267,-0.203361,0.080911,-0.374589,-0.526189,94.6916,17.386776,78.481979,17.599705,1
2026-01-15 20:34:51,0.024556,0.052699,14.880454,-0.170125,0.052633,0.222013,90.9222,17.384725,78.481395,14.881571,1
2026-01-15 02:40:13,0.186733,0.073772,15.879369,0.061842,0.067082,-0.685284,86.0235,17.376617,78.492301,15.882111,1
2026-01-15 20:57:02,-0.246266,-0.181852,-2.557657,0.106073,0.129350,-0.245309,77.2227,17.380021,78.485035,2.580165,1
2026-01-15 02:57:26,-0.101330,-13.810896,0.464118,-0.217256,0.207351,0.026074,61.7485,17.390862,78.490414,13.819953,1
2026-01-15 15:56:05,0.121153,-0.183808,-17.289526,-0.221116,-0.294440,-0.492328,113.1432,17.385959,78.480973,17.293866,1
2026-01-15 18:03:31,-0.043514,-0.541425,-13.989818,-0.175731,0.040830,0.032423,108.4012,17.384213,78.492062,14.000384,1
2026-01-15 19:02:53,-0.316365,-15.449620,0.512474,-0.418068,-0.102791,-0.469145,66.7777,17.397934,78.488723,15.477350,1
2026-01-15 12:00:58,0.024669,0.379760,16.500564,0.698475,0.057824,-0.140221,63.2803,17.391619,78.479675,16.507249,1
2026-01-15 02:52:49,-17.602868,0.568080,0.172407,0.435653,0.262908,-0.637573,115.0756,17.385979,78.483120,17.613740,1
2026-01-15 10:29:44,-0.593498,0.314881,-17.498999,0.144706,0.396591,0.175680,84.7777,17.384180,78.480755,17.512477,1
2026-01-15 04:54:38,0.199179,0.229074,-12.941941,-0.059092,0.062260,0.095201,98.4956,17.394252,78.485215,12.946754,1
2026-01-15 18:14:01,0.123764,0.137760,-14.707282,-0.980951,1.648005,0.966246,29.5820,17.381183,78.490019,14.710137,1
2026-01-15 18:07:00,-15.627013,-0.032279,-0.054988,-1.462071,-1.765745,0.845806,39.4132,17.389059,78.489542,15.628382,1
2026-01-15 06:38:13,-0.213773,0.007862,14.822006,1.086416,-0.079095,0.774232,47.5997,17.381080,78.490586,14.825042,1
2026-01-15 15:08:55,0.019113,-15.791564,0.217378,-0.081788,0.010439,0.987663,40.3157,17.383726,78.485309,15.793226,1
2026-01-15 21:51:38,-0.358479,0.187530,-13.430887,0.860770,1.559262,-0.721033,40.6056,17.380839,78.492413,13.441361,1
2026-01-15 14:08:05,-0.097385,14.780485,-0.542206,2.024490,-0.722728,-0.400207,20.1608,17.373462,78.486728,14.793481,1
2026-01-15 08:33:20,-6.184675,-0.047481,0.240280,-0.097078,-1.402405,0.658996,24.2539,17.384220,78.496374,6.199389,1
2026-01-15 14:27:07,-13.816925,-0.232741,-0.211112,-0.570308,0.419137,0.149612,42.1061,17.382064,78.487555,13.835214,1
2026-01-15 23:32:52,-0.307947,-0.123842,-15.785524,2.055005,-0.784439,1.085352,21.2238,17.382981,78.496274,15.793206,1
2026-01-15 21:07:25,13.258624,-0.063496,-0.103796,0.226356,-1.045952,-2.115122,37.5703,17.392461,78.488228,13.264770,1
2026-01-15 14:20:46,13.604551,0.275695,-0.177664,-2.440764,-0.235729,-0.158484,23.1821,17.392175,78.485621,13.617454,1
2026-01-15 12:05:01,3.799901,-0.231958,0.147502,-2.317721,-0.519019,-0.388628,43.9110,17.384880,78.490703,3.810626,1
2026-01-15 11:32:12,0.143140,0.208180,4.316644,-0.539998,0.390210,-0.269748,43.3848,17.383578,78.488741,4.326790,1
2026-01-15 20:43:45,0.265211,14.019550,-0.130327,0.864617,1.830175,1.209579,34.2932,17.392406,78.485744,14.023681,1
2026-01-15 18:03:35,-0.119435,12.851913,0.080697,-1.013337,-0.428752,-0.979185,38.8868,17.385045,78.492283,12.852744,1
2026-01-15 05:53:25,12.568279,0.105475,0.108130,-0.441805,0.010812,-0.091857,23.2290,17.384668,78.481435,12.577864,1
2026-01-15 19:16:55,-0.429134,0.124680,12.459266,-0.840877,0.678873,-0.710794,41.1314,17.388288,78.494610,12.468406,1
2026-01-15 11:44:43,14.661358,0.301151,-0.216180,-1.136429,-0.559260,-0.416548,20.5375,17.375070,78.477850,14.666931,1
2026-01-15 20:54:50,3.855692,0.012727,0.792485,0.338401,0.468779,1.789757,44.1392,17.381849,78.482677,3.939004,1
2026-01-15 18:53:53,0.179126,5.415278,0.268832,0.294294,-0.450676,0.081608,43.0916,17.382117,78.485289,5.424961,1
2026-01-15 19:59:43,0.578113,13.668602,-0.032750,-0.838214,-0.183054,0.698811,23.0799,17.378339,78.487583,13.681067,1
2026-01-15 22:27:01,-4.092491,0.123030,0.584278,1.332627,-1.869682,0.316177,26.9572,17.389279,78.485274,4.142244,1
2026-01-15 13:53:43,0.124306,0.645080,12.856074,1.813329,-0.461386,-0.697208,34.0772,17.382877,78.494591,12.874667,1
2026-01-15 15:19:15,-14.591703,-0.169375,-0.002085,-0.858448,0.246477,0.750296,34.1697,17.389178,78.490072,14.593751,1
2026-01-15 15:16:21,-0.082391,13.039743,0.225357,-0.401404,-0.113117,0.183981,20.5439,17.385938,78.493356,13.043015,1
2026-01-15 03:50:39,-15.044314,-0.485926,-0.111555,-0.330021,1.951787,-0.685175,43.1028,17.393165,78.485048,15.057100,1
2026-01-15 03:09:41,0.333565,0.260122,-14.430450,-1.902130,-0.336693,1.242298,23.0560,17.376885,78.486699,14.443795,1
2026-01-15 20:42:15,0.004155,-6.034352,0.172676,-1.718940,0.657737,1.219216,23.6895,17.383877,78.481946,6.036921,1
2026-01-15 16:04:05,-0.263389,6.748571,-0.567236,1.848433,-0.585533,0.691935,32.6517,17.385431,78.487560,6.779361,1
2026-01-15 09:26:25,0.025444,-13.480689,-0.408016,-0.916662,-0.585762,-0.636537,43.1712,17.381767,78.481879,13.494063,1
2026-01-15 19:41:28,0.031809,14.467138,-0.068366,2.579235,-0.715775,-2.216904,73.6773,17.386744,78.493022,14.467349,1
2026-01-15 16:35:19,13.898816,-0.085614,-0.290068,-0.756502,2.883436,-2.711971,69.0782,17.381646,78.486121,13.902413,1
2026-01-15 11:07:03,-0.186358,-0.122421,6.241584,-3.556721,0.603982,0.502489,38.0014,17.380098,78.492028,6.245992,1
2026-01-15 11:19:18,14.050270,0.248397,0.307262,-3.750085,1.470722,-1.150626,52.4368,17.378419,78.485603,14.079680,1
2026-01-15 02:05:03,-0.224583,5.801834,-0.186272,3.554756,-0.890618,1.059281,58.6383,17.382759,78.477883,5.809233,1
2026-01-15 15:46:26,-0.394220,-0.065630,-6.516275,-0.200822,-1.770770,0.013048,40.7392,17.374247,78.491251,6.535340,1
2026-01-15 03:38:54,-14.269670,-0.071819,-0.454260,-0.789564,1.610458,0.334643,36.3562,17.374482,78.482910,14.281435,1
2026-01-15 09:56:18,-6.576801,0.172495,-0.176402,0.562311,1.036360,1.299759,58.5882,17.374641,78.492547,6.584140,1
2026-01-15 04:48:08,0.082657,-7.158088,-0.256486,0.397242,-1.995207,3.241087,54.4397,17.389793,78.478832,7.163256,1
2026-01-15 23:17:41,-0.244934,0.479100,-13.312489,-1.595255,-1.786860,1.378903,52.4965,17.395144,78.484265,13.324292,1
2026-01-15 15:32:57,-0.156065,0.402665,12.067611,-0.364774,-1.788458,-0.481236,31.2402,17.390856,78.485390,12.075590,1
2026-01-15 00:21:27,0.051519,-11.862601,-0.172674,-2.770000,0.659136,-1.763730,56.5930,17.383763,78.487878,11.865992,1
2026-01-15 19:20:11,-12.350487,0.090521,0.082298,0.724108,1.079440,0.681505,56.3951,17.382458,78.488675,12.351524,1
2026-01-15 16:24:07,0.181311,-11.874094,0.600251,-0.778045,0.088836,1.360572,49.4970,17.385505,78.492939,11.891514,1
2026-01-15 09:36:26,6.996416,0.120194,0.179342,-1.330196,-0.873380,-1.716703,57.6561,17.376743,78.484045,7.002137,1
2026-01-15 19:18:41,-13.118814,0.622844,0.074462,-2.902807,2.221263,-1.380605,55.0216,17.390589,78.487035,13.147947,1
2026-01-15 02:19:05,-0.002530,0.452869,-14.707977,-0.015748,0.754038,-1.176959,76.6753,17.388265,78.492247,14.726245,1
2026-01-15 08:15:42,0.148963,12.983061,-0.539715,-0.067544,1.657331,-0.591876,36.9825,17.392779,78.485999,12.995915,1
2026-01-15 15:48:25,-14.753727,-0.082679,0.362945,-1.738193,1.666199,0.100400,52.9900,17.377748,78.484348,14.759066,1
2026-01-15 22:00:07,6.169259,-0.344972,-0.144935,0.473162,-2.640343,2.595064,62.4549,17.377761,78.493242,6.195606,1
2026-01-15 11:02:17,6.869502,-0.452588,-0.049602,-0.325025,-0.661418,-0.663387,7.7795,17.387523,78.500767,6.884615,1
2026-01-15 02:37:08,-0.481284,0.368089,6.789945,-0.280363,-0.395768,-0.622234,9.8784,17.382340,78.481121,6.824324,1
2026-01-15 00:27:41,-0.031759,-0.238138,13.299725,-0.036298,-0.124314,-0.254705,14.1363,17.380629,78.477608,13.301947,1
2026-01-15 14:20:00,-0.068150,13.145461,-0.277919,0.197879,0.532690,-0.476801,13.1002,17.384089,78.492139,13.156200,1
2026-01-15 13:51:01,0.069992,0.453489,-12.568770,-0.397310,-0.116839,0.215004,13.4413,17.384161,78.486158,12.593718,1
2026-01-15 03:40:28,6.575676,0.125217,0.276049,-0.700967,0.014070,0.168534,6.3459,17.380653,78.483843,6.624938,1
2026-01-15 01:35:03,0.355575,6.636083,0.021863,-0.061570,0.227283,0.081487,2.7889,17.382892,78.487962,6.652131,1
2026-01-15 21:50:01,-12.386366,-0.396959,-0.234612,-0.246251,-0.399155,0.193664,3.2458,17.390834,78.491311,12.399834,1
2026-01-15 05:15:08,-0.091925,-0.391547,-6.881173,-0.409974,-0.210344,-0.011772,4.5023,17.378084,78.487812,6.901846,1
2026-01-15 18:42:43,0.007118,-0.258942,-13.395888,-0.177249,-0.051291,0.132766,6.0517,17.384567,78.487468,13.404051,1
2026-01-15 19:44:21,12.095909,0.093051,0.201285,0.310742,-0.120585,0.185978,12.6494,17.380183,78.473679,12.099201,1
2026-01-15 07:30:47,0.172912,-6.097011,0.021473,-0.248744,0.620380,0.014414,6.3636,17.385864,78.493939,6.105983,1
2026-01-15 11:02:01,0.365067,-13.315469,-0.076433,0.298853,0.624557,0.551942,12.4945,17.387272,78.493237,13.346697,1
2026-01-15 03:21:59,7.401880,0.322346,0.027144,0.284610,0.264278,-0.166208,4.8463,17.382852,78.482618,7.411754,1
2026-01-15 06:34:24,12.186904,-0.297916,0.619742,-0.030633,0.524256,0.228344,6.8053,17.392909,78.482917,12.230475,1
2026-01-15 16:37:56,-13.191786,-0.397798,0.152783,-0.192050,0.007271,0.409104,7.5840,17.384512,78.489554,13.198708,1
2026-01-15 22:30:45,0.328324,0.141768,12.782979,-0.639233,-0.496186,0.004403,12.2006,17.382890,78.491354,12.787981,1
2026-01-15 11:16:35,-0.120436,-0.165192,-13.717519,-0.316817,0.097107,0.485695,9.5554,17.382905,78.489041,13.721504,1
2026-01-15 05:28:14,-11.972626,-0.168981,-0.228931,-0.309934,-0.647777,0.417096,5.8356,17.382994,78.491480,11.979518,1
2026-01-15 10:16:19,-0.429577,-0.034599,-7.264364,-0.238887,0.027001,0.012986,13.7192,17.386016,78.490149,7.278750,1
2026-01-15 12:25:52,1.076655,-0.013559,0.795474,-1.246700,0.640147,0.034358,89.1814,17.388837,78.479145,1.338732,1
2026-01-15 10:50:05,-17.288344,-0.161301,-0.034337,-0.580913,-0.930020,-0.565935,63.0403,17.376000,78.488791,17.289723,1
2026-01-15 11:21:14,15.676620,0.220759,0.161172,0.033905,-0.184542,0.506861,83.9092,17.377667,78.487009,15.688449,1
2026-01-15 19:36:55,-0.122415,0.379698,-16.319859,-0.041952,1.265414,-0.182178,58.2358,17.376851,78.483278,16.324884,1
2026-01-15 22:38:31,0.054359,3.448851,-0.297938,-0.581510,0.490550,0.325513,96.4085,17.383793,78.486583,3.464685,1
2026-01-15 03:08:34,13.963776,0.437908,0.093385,0.041042,0.262015,0.489831,93.7942,17.382524,78.488553,13.971031,1
2026-01-15 21:29:17,-16.313552,0.148349,-0.429652,0.361330,-1.045996,-0.797857,57.2295,17.379962,78.483913,16.320479,1
2026-01-15 14:22:44,0.129691,-0.342789,15.006687,-0.965917,-1.276386,-0.661836,61.2012,17.382566,78.497025,15.020216,1
2026-01-15 01:15:56,-18.863420,0.096030,-0.235713,-0.603927,-0.705195,-1.097140,57.3763,17.391390,78.491374,18.865837,1
2026-01-15 10:26:28,0.329379,-0.454935,0.071485,0.219874,-0.596306,-0.205518,73.9658,17.387090,78.488091,0.586762,1
2026-01-15 10:42:47,-0.170664,-0.469273,4.781162,0.564641,-0.058775,0.044608,33.1245,17.393385,78.494363,4.820965,1
2026-01-15 12:10:04,0.156863,-0.050948,-16.592821,-0.914587,0.241118,0.027488,35.7784,17.383307,78.492948,16.595473,1
2026-01-15 03:24:44,17.837923,0.077696,-0.095005,-0.089734,0.136304,-0.225594,49.1277,17.379979,78.480852,17.838353,1
2026-01-15 07:56:06,-15.657245,-0.125714,0.009449,0.147321,0.305244,-0.020571,30.3266,17.387643,78.493949,15.659946,1
2026-01-15 03:22:20,-0.549970,0.847870,-0.185729,1.168934,0.852005,-0.372979,41.7518,17.381730,78.488592,1.028455,1
2026-01-15 03:45:34,0.082082,-14.845039,-0.074619,0.687450,0.386569,-0.338826,52.1368,17.385647,78.481152,14.851729,1
2026-01-15 10:54:42,0.623751,-0.497272,-0.149449,-1.377550,-0.301706,-0.817346,69.8444,17.378154,78.479200,1.062441,1
2026-01-15 13:48:15,-0.492509,-16.688912,-0.468415,-0.015095,0.752058,0.100838,72.5973,17.387612,78.489581,16.702782,1
2026-01-15 01:33:50,2.046397,0.302640,0.036134,0.216122,-0.259102,0.095632,56.2167,17.387905,78.490265,2.091403,1
2026-01-15 12:33:20,-0.109210,0.194950,0.000000,-0.403226,0.012059,1.154760,50.1919,17.383697,78.480282,0.100000,1
2026-01-15 13:46:29,-14.881397,0.299842,0.143864,-0.130784,-1.133370,-0.359199,34.5232,17.386683,78.492707,14.911273,1
2026-01-15 15:28:27,3.916602,0.371538,0.197077,-0.073165,-1.321114,0.157032,47.1447,17.381906,78.490761,3.941222,1
2026-01-15 14:19:29,0.291764,16.836377,0.307714,-1.242071,-0.441504,-0.300790,83.2227,17.384436,78.483185,16.841755,1
2026-01-15 23:23:24,-0.170710,0.033390,15.508369,0.139536,-0.167688,-1.073819,63.6591,17.395600,78.481657,15.509354,1
2026-01-15 22:31:40,16.745803,-0.007314,0.162586,-0.172092,1.157186,-0.319723,71.1816,17.385046,78.482371,16.747307,1
2026-01-15 21:09:16,0.006892,0.341868,17.935932,-0.375575,1.219873,0.218879,75.5634,17.389081,78.492463,17.940936,1
2026-01-15 13:16:44,4.295974,-0.427664,0.261811,-0.429591,0.840395,-0.602586,76.3823,17.386966,78.491861,4.325511,1
2026-01-15 06:59:47,-0.050521,-15.605995,0.538183,-0.779334,-1.353669,-0.664334,76.0940,17.386554,78.483360,15.623317,1
2026-01-15 15:11:32,-16.187294,0.295717,-0.270965,0.456764,-0.503681,0.233354,99.0918,17.386045,78.489474,16.197821,1
2026-01-15 02:18:05,0.000000,-0.546036,0.305693,0.716238,-0.553090,0.216053,87.0059,17.390503,78.491506,0.119100,1
